Filename,Max level value,IPA 2,IPA 3,IPA 4,IPA 5,IPA 6,IPA 7,IPA 8,IPA 9,LHIPA 2,LHIPA 3,LHIPA 4,LHIPA 5,LHIPA 6,LHIPA 7,LHIPA 8,LHIPA 9
05-09-19-30-lowlux-nothing,6,0.14540880566063355,,,,,,,,7.1831949996352975,3.6061383803837117,1.9193962347203628,0.8142893116995479,0.49438993924615404,,,
